{
    "bodyColor": 0,
    "eyesColor": 0,
    "ItemGiversList": [
    ],
    "body": 0,
    "isActive": 0b,
    "DialogData": [
    ],
    "leg": 0,
    "hair": 0,
    "MailData": [
    ],
    "PlayerName": "KenshinCoffee",
    "hairColor": 0,
    "UUID": "5d7e5f96-0f93-3a29-bff2-64cb05676e28",
    "ScriptStoreddata": {
    },
    "TransportData": [
    ],
    "NpcsTimers": [
    ],
    "FactionData": [
        {
            "Points": 2000,
            "Faction": 0
        }
    ],
    "BankData": [
        {
            "BankInv": [
                {
                    "BankItems": {
                        "NpcMiscInv": [
                        ]
                    },
                    "Slot": 0
                },
                {
                    "BankItems": {
                        "NpcMiscInv": [
                        ]
                    },
                    "Slot": 1
                },
                {
                    "BankItems": {
                        "NpcMiscInv": [
                        ]
                    },
                    "Slot": 2
                },
                {
                    "BankItems": {
                        "NpcMiscInv": [
                        ]
                    },
                    "Slot": 3
                },
                {
                    "BankItems": {
                        "NpcMiscInv": [
                        ]
                    },
                    "Slot": 4
                },
                {
                    "BankItems": {
                        "NpcMiscInv": [
                        ]
                    },
                    "Slot": 5
                }
            ],
            "UpdatedSlots": [
                {
                    "Slot": 0,
                    "Boolean": 0b
                },
                {
                    "Slot": 1,
                    "Boolean": 0b
                },
                {
                    "Slot": 2,
                    "Boolean": 0b
                },
                {
                    "Slot": 3,
                    "Boolean": 0b
                },
                {
                    "Slot": 4,
                    "Boolean": 0b
                },
                {
                    "Slot": 5,
                    "Boolean": 0b
                }
            ],
            "DataBankId": 0,
            "UnlockedSlots": 1
        }
    ],
    "jacket": 0,
    "QuestData": {
        "CompletedQuests": [
        ],
        "ActiveQuests": [
        ]
    },
    "PlayerCompanionId": 0,
    "shoes": 0,
    "ItemGiverChained": [
    ],
    "isMale": 0b,
    "face": 0,
    "peculiarities": [I;]
}
