{"stats":{"minecraft:killed":{"cobblemon:pokemon":1},"minecraft:used":{"minecraft:oak_log":62,"minecraft:glass":2,"minecraft:blue_glazed_terracotta":4,"minecraft:bricks":13,"minecraft:firework_rocket":205,"minecraft:quartz_slab":3,"minecraft:grass_block":496,"minecraft:oak_stairs":9,"minecraft:oak_planks":48,"minecraft:netherite_axe":2,"minecraft:quartz_block":6,"minecraft:spruce_planks":41,"quark:polished_deepslate_vertical_slab":7,"quark:spruce_vertical_slab":13,"minecraft:polished_deepslate_slab":2,"minecraft:diamond_sword":3,"quark:oak_vertical_slab":4,"quark:quartz_vertical_slab":9,"quark:andesite_bricks":108,"minecraft:oak_slab":1,"minecraft:spruce_stairs":31,"minecraft:glass_pane":25,"minecraft:stripped_oak_log":44,"minecraft:acacia_planks":1,"minecraft:stripped_spruce_log":30},"minecraft:dropped":{"tombstone:grave_key":1},"minecraft:picked_up":{"minecraft:honey_bottle":1},"minecraft:killed_by":{"minecraft:player":1},"minecraft:custom":{"minecraft:time_since_rest":26742,"minecraft:waystone_activated":1,"minecraft:sprint_one_cm":45030,"minecraft:damage_taken":6040,"minecraft:walk_one_cm":169878,"minecraft:mob_kills":1,"minecraft:drop":1,"minecraft:damage_dealt":392,"minecraft:fly_one_cm":373960,"minecraft:player_kills":1,"minecraft:crouch_one_cm":3304,"minecraft:play_time":91691,"minecraft:deaths":3,"minecraft:sneak_time":1907,"minecraft:walk_under_water_one_cm":889,"minecraft:aviate_one_cm":680710,"minecraft:jump":403,"minecraft:walk_on_water_one_cm":448,"minecraft:time_since_death":27181,"minecraft:total_world_time":91691,"minecraft:fall_one_cm":726}},"DataVersion":3465}