{"stats":{"minecraft:killed":{"minecraft:sheep":1,"cobblemon:pokemon":7},"minecraft:used":{"minecraft:deepslate_brick_wall":10,"minecraft:oak_log":62,"minecraft:glass":2,"minecraft:blue_glazed_terracotta":4,"minecraft:acacia_stairs":22,"minecraft:bricks":13,"minecraft:firework_rocket":205,"minecraft:orange_concrete":57,"minecraft:red_concrete":137,"minecraft:stripped_birch_log":159,"minecraft:acacia_slab":16,"minecraft:quartz_slab":170,"minecraft:heavy_weighted_pressure_plate":2,"minecraft:string":4,"minecraft:grass_block":496,"minecraft:oak_stairs":9,"quark:cherry_post":3,"minecraft:oak_planks":48,"minecraft:netherite_axe":24,"minecraft:quartz_block":208,"minecraft:spruce_planks":41,"minecraft:quartz_stairs":40,"quark:blaze_lantern":6,"quark:polished_deepslate_vertical_slab":12,"quark:spruce_vertical_slab":13,"quark:obsidian_pressure_plate":1,"minecraft:yellow_concrete_powder":15,"redeco:light_blue_cushion":3,"minecraft:smooth_red_sandstone_slab":27,"minecraft:polished_deepslate_slab":130,"minecraft:diamond_sword":3,"minecraft:red_carpet":13,"minecraft:dirt":2,"minecraft:white_carpet":77,"quark:oak_vertical_slab":4,"quark:quartz_vertical_slab":9,"quark:andesite_bricks":108,"minecraft:oak_slab":4,"minecraft:spruce_stairs":31,"minecraft:smooth_red_sandstone":348,"refurbished_furniture:oak_light_ceiling_fan":1,"minecraft:yellow_concrete":24,"minecraft:glass_pane":25,"redeco:yellow_cushion":3,"minecraft:stripped_oak_log":44,"minecraft:acacia_planks":1,"minecraft:smooth_red_sandstone_stairs":65,"minecraft:stripped_spruce_log":30},"minecraft:dropped":{"tombstone:grave_key":1},"minecraft:killed_by":{"minecraft:player":1},"minecraft:picked_up":{"minecraft:feather":1,"minecraft:chicken":1,"minecraft:brown_wool":3,"minecraft:leather":1,"minecraft:porkchop":1,"minecraft:light":1,"minecraft:white_carpet":4,"minecraft:honey_bottle":1,"minecraft:beef":4,"minecraft:mutton":3,"minecraft:white_wool":1},"minecraft:custom":{"minecraft:time_since_rest":80742,"minecraft:waystone_activated":1,"minecraft:sprint_one_cm":80371,"minecraft:damage_taken":6040,"minecraft:walk_one_cm":352609,"minecraft:mob_kills":8,"minecraft:drop":1,"minecraft:damage_dealt":2203,"minecraft:fly_one_cm":463083,"minecraft:player_kills":1,"minecraft:crouch_one_cm":6831,"minecraft:play_time":145691,"minecraft:deaths":3,"minecraft:sneak_time":2858,"minecraft:walk_under_water_one_cm":889,"minecraft:aviate_one_cm":680710,"minecraft:jump":550,"minecraft:walk_on_water_one_cm":448,"minecraft:time_since_death":81181,"minecraft:total_world_time":145691,"minecraft:fall_one_cm":726}},"DataVersion":3465}