{"stats":{"minecraft:used":{"minecraft:oak_log":61,"quark:spruce_vertical_slab":13,"minecraft:glass":2,"minecraft:blue_glazed_terracotta":4,"minecraft:firework_rocket":205,"minecraft:bricks":13,"quark:oak_vertical_slab":4,"quark:andesite_bricks":106,"minecraft:oak_slab":1,"minecraft:oak_stairs":9,"minecraft:grass_block":265,"minecraft:spruce_stairs":31,"minecraft:oak_planks":48,"minecraft:glass_pane":25,"minecraft:spruce_planks":41,"minecraft:stripped_oak_log":44,"minecraft:acacia_planks":1,"minecraft:stripped_spruce_log":30},"minecraft:dropped":{"tombstone:grave_key":1},"minecraft:custom":{"minecraft:time_since_rest":37449,"minecraft:waystone_activated":1,"minecraft:crouch_one_cm":2797,"minecraft:play_time":55691,"minecraft:sprint_one_cm":30795,"minecraft:walk_one_cm":106783,"minecraft:deaths":1,"minecraft:sneak_time":1696,"minecraft:walk_under_water_one_cm":889,"minecraft:drop":1,"minecraft:aviate_one_cm":680710,"minecraft:jump":306,"minecraft:damage_dealt":20,"minecraft:time_since_death":39848,"minecraft:walk_on_water_one_cm":448,"minecraft:total_world_time":55691,"minecraft:fly_one_cm":321563}},"DataVersion":3465}