{"stats":{"minecraft:used":{"minecraft:blue_glazed_terracotta":4,"minecraft:firework_rocket":205,"minecraft:acacia_planks":1,"minecraft:grass_block":44},"minecraft:dropped":{"tombstone:grave_key":1},"minecraft:custom":{"minecraft:jump":155,"minecraft:time_since_rest":13449,"minecraft:damage_dealt":10,"minecraft:deaths":1,"minecraft:crouch_one_cm":1469,"minecraft:sprint_one_cm":17943,"minecraft:play_time":31691,"minecraft:walk_on_water_one_cm":448,"minecraft:time_since_death":15848,"minecraft:walk_one_cm":13711,"minecraft:sneak_time":1200,"minecraft:total_world_time":31691,"minecraft:walk_under_water_one_cm":889,"minecraft:drop":1,"minecraft:fly_one_cm":283198,"minecraft:aviate_one_cm":680394}},"DataVersion":3465}