{"stats":{"minecraft:used":{"minecraft:blue_glazed_terracotta":4,"minecraft:firework_rocket":205,"minecraft:bricks":13,"quark:andesite_bricks":99,"minecraft:grass_block":265,"minecraft:spruce_stairs":22,"minecraft:spruce_planks":32,"minecraft:acacia_planks":1,"minecraft:stripped_spruce_log":23},"minecraft:dropped":{"tombstone:grave_key":1},"minecraft:custom":{"minecraft:time_since_rest":25449,"minecraft:waystone_activated":1,"minecraft:crouch_one_cm":2264,"minecraft:play_time":43691,"minecraft:sprint_one_cm":27409,"minecraft:walk_one_cm":72262,"minecraft:deaths":1,"minecraft:sneak_time":1442,"minecraft:walk_under_water_one_cm":889,"minecraft:drop":1,"minecraft:aviate_one_cm":680710,"minecraft:jump":226,"minecraft:damage_dealt":20,"minecraft:time_since_death":27848,"minecraft:walk_on_water_one_cm":448,"minecraft:total_world_time":43691,"minecraft:fly_one_cm":298131}},"DataVersion":3465}