{"stats":{"minecraft:used":{"minecraft:blue_glazed_terracotta":4,"minecraft:firework_rocket":198,"minecraft:acacia_planks":1,"minecraft:grass_block":44},"minecraft:dropped":{"tombstone:grave_key":1},"minecraft:custom":{"minecraft:jump":64,"minecraft:time_since_rest":1449,"minecraft:deaths":1,"minecraft:crouch_one_cm":1267,"minecraft:sprint_one_cm":10756,"minecraft:play_time":19691,"minecraft:walk_on_water_one_cm":448,"minecraft:time_since_death":3848,"minecraft:walk_one_cm":10830,"minecraft:sneak_time":858,"minecraft:total_world_time":19691,"minecraft:walk_under_water_one_cm":889,"minecraft:drop":1,"minecraft:fly_one_cm":178951,"minecraft:aviate_one_cm":459561}},"DataVersion":3465}