{"stats":{"minecraft:used":{"minecraft:oak_log":62,"quark:spruce_vertical_slab":13,"minecraft:glass":2,"minecraft:blue_glazed_terracotta":4,"minecraft:diamond_sword":3,"minecraft:firework_rocket":205,"minecraft:bricks":13,"quark:oak_vertical_slab":4,"quark:andesite_bricks":108,"minecraft:oak_slab":1,"minecraft:oak_stairs":9,"minecraft:grass_block":444,"minecraft:spruce_stairs":31,"minecraft:oak_planks":48,"minecraft:glass_pane":25,"minecraft:spruce_planks":41,"minecraft:stripped_oak_log":44,"minecraft:acacia_planks":1,"minecraft:stripped_spruce_log":30},"minecraft:dropped":{"tombstone:grave_key":1},"minecraft:killed_by":{"minecraft:player":1},"minecraft:picked_up":{"minecraft:honey_bottle":1},"minecraft:custom":{"minecraft:time_since_rest":2742,"minecraft:waystone_activated":1,"minecraft:crouch_one_cm":3182,"minecraft:damage_taken":6040,"minecraft:play_time":67691,"minecraft:sprint_one_cm":40031,"minecraft:walk_one_cm":134225,"minecraft:deaths":3,"minecraft:sneak_time":1852,"minecraft:walk_under_water_one_cm":889,"minecraft:drop":1,"minecraft:aviate_one_cm":680710,"minecraft:jump":388,"minecraft:damage_dealt":272,"minecraft:time_since_death":3181,"minecraft:walk_on_water_one_cm":448,"minecraft:total_world_time":67691,"minecraft:fall_one_cm":726,"minecraft:fly_one_cm":366366,"minecraft:player_kills":1}},"DataVersion":3465}