{"stats":{"minecraft:killed":{"cobblemon:pokemon":5},"minecraft:used":{"waystones:waystone":2,"minecraft:netherite_sword":8,"minecraft:dirt_path":169,"minecraft:flint_and_steel":426,"minecraft:grass_block":1107,"minecraft:wooden_shovel":13,"customnpcs:npcwand":2,"minecraft:torch":12,"cobblemon:relic_coin_pouch":2,"minecraft:acacia_wood":7,"minecraft:sponge":2,"customnpcs:npcmobcloner":3},"minecraft:dropped":{"cobblemon:relic_coin":5,"minecraft:bread":5,"minecraft:porkchop":3,"minecraft:wheat_seeds":2,"minecraft:torch":1,"minecraft:acacia_sapling":5,"minecraft:chicken":2,"minecraft:string":1,"cobblemon:link_cable":1},"minecraft:picked_up":{"minecraft:feather":5,"minecraft:chicken":6,"minecraft:oak_door":2,"minecraft:torch":17,"minecraft:porkchop":3,"cobblemon:sharp_beak":1,"minecraft:string":4,"minecraft:bone":1,"cobblemon:link_cable":1,"minecraft:wheat_seeds":12,"minecraft:gold_nugget":1,"minecraft:iron_ingot":3,"cobblemon:relic_coin":5,"minecraft:bread":5,"minecraft:poppy":3,"minecraft:melon_seeds":3,"minecraft:acacia_sapling":5,"minecraft:oxeye_daisy":1},"minecraft:custom":{"minecraft:time_since_rest":39032,"minecraft:waystone_activated":3,"minecraft:sprint_one_cm":18863,"minecraft:damage_taken":30,"minecraft:walk_one_cm":224562,"minecraft:mob_kills":5,"minecraft:drop":13,"minecraft:damage_dealt":836,"minecraft:fly_one_cm":715336,"minecraft:open_chest":1,"minecraft:crouch_one_cm":1730,"minecraft:play_time":76536,"minecraft:deaths":1,"minecraft:sneak_time":996,"minecraft:jump":253,"minecraft:interact_with_stonecutter":1,"minecraft:leave_game":1,"minecraft:walk_on_water_one_cm":9227,"minecraft:time_since_death":39849,"minecraft:total_world_time":76536,"minecraft:fall_one_cm":2055}},"DataVersion":3465}