{"stats":{"minecraft:used":{"waystones:waystone":1,"minecraft:dirt_path":5,"minecraft:flint_and_steel":358,"minecraft:grass_block":189,"customnpcs:npcwand":2,"minecraft:torch":12,"cobblemon:relic_coin_pouch":2,"minecraft:acacia_wood":7,"minecraft:sponge":1,"customnpcs:npcmobcloner":3},"minecraft:dropped":{"minecraft:bread":5,"minecraft:porkchop":3,"minecraft:wheat_seeds":2,"minecraft:torch":1,"minecraft:acacia_sapling":5,"minecraft:chicken":2,"minecraft:string":1,"cobblemon:link_cable":1},"minecraft:picked_up":{"minecraft:feather":5,"minecraft:chicken":6,"minecraft:torch":9,"minecraft:porkchop":3,"cobblemon:sharp_beak":1,"minecraft:string":4,"cobblemon:link_cable":1,"minecraft:wheat_seeds":10,"minecraft:iron_ingot":3,"minecraft:bread":5,"minecraft:poppy":3,"minecraft:melon_seeds":3,"minecraft:acacia_sapling":5},"minecraft:custom":{"minecraft:time_since_rest":15032,"minecraft:waystone_activated":2,"minecraft:sprint_one_cm":15811,"minecraft:damage_taken":30,"minecraft:walk_one_cm":78929,"minecraft:drop":8,"minecraft:damage_dealt":100,"minecraft:fly_one_cm":699802,"minecraft:crouch_one_cm":481,"minecraft:play_time":52536,"minecraft:deaths":1,"minecraft:sneak_time":434,"minecraft:jump":168,"minecraft:interact_with_stonecutter":1,"minecraft:leave_game":1,"minecraft:walk_on_water_one_cm":9227,"minecraft:time_since_death":15849,"minecraft:total_world_time":52536,"minecraft:fall_one_cm":2055}},"DataVersion":3465}