{"stats":{"minecraft:killed":{"cobblemon:pokemon":9},"minecraft:used":{"minecraft:deepslate_brick_wall":11,"waystones:waystone":2,"minecraft:light":52,"minecraft:netherite_sword":8,"minecraft:dirt_path":195,"minecraft:command_block":1,"minecraft:flint_and_steel":426,"minecraft:grass_block":1108,"customnpcs:npcbuilderblock":5,"minecraft:wooden_shovel":13,"minecraft:structure_block":1,"customnpcs:npcwand":2,"customnpcs:npcredstoneblock":1,"customnpcs:npccopyblock":13,"minecraft:yellow_concrete_powder":1,"minecraft:smooth_red_sandstone_slab":2,"minecraft:polished_deepslate_slab":4,"minecraft:torch":12,"minecraft:dirt":2,"cobblemon:relic_coin_pouch":2,"minecraft:light_blue_concrete":1,"quark:andesite_bricks":2,"minecraft:smooth_red_sandstone":2,"minecraft:acacia_wood":7,"minecraft:sponge":2,"minecraft:blue_concrete":1,"customnpcs:npcmobcloner":3},"minecraft:dropped":{"cobblemon:relic_coin":5,"minecraft:bread":5,"minecraft:porkchop":3,"minecraft:wheat_seeds":2,"minecraft:torch":1,"minecraft:acacia_sapling":5,"minecraft:chicken":2,"cobblemon:chesto_berry":1,"minecraft:blue_concrete":1,"minecraft:bone_block":2,"minecraft:string":1,"cobblemon:link_cable":1,"minecraft:light":1,"minecraft:dandelion":2,"minecraft:bone":1},"minecraft:killed_by":{"minecraft:player":1},"minecraft:picked_up":{"minecraft:feather":5,"minecraft:chicken":6,"minecraft:oak_door":2,"minecraft:torch":17,"minecraft:dandelion":2,"minecraft:porkchop":3,"cobblemon:sharp_beak":1,"minecraft:blue_concrete":1,"minecraft:string":4,"minecraft:bone":1,"cobblemon:link_cable":1,"minecraft:wheat_seeds":12,"minecraft:gold_nugget":1,"minecraft:echo_shard":2,"minecraft:iron_ingot":3,"cobblemon:relic_coin":5,"minecraft:bread":5,"minecraft:poppy":3,"cobblemon:chesto_berry":1,"minecraft:melon_seeds":3,"minecraft:acacia_sapling":5,"minecraft:bone_block":2,"minecraft:oxeye_daisy":1},"minecraft:custom":{"minecraft:time_since_rest":78515,"minecraft:waystone_activated":3,"minecraft:sprint_one_cm":34339,"minecraft:damage_taken":295,"minecraft:walk_one_cm":311224,"minecraft:mob_kills":9,"minecraft:drop":20,"minecraft:damage_dealt":3751,"minecraft:player_kills":1,"minecraft:fly_one_cm":829901,"minecraft:open_chest":1,"minecraft:crouch_one_cm":1894,"minecraft:play_time":161689,"minecraft:deaths":2,"minecraft:sneak_time":1175,"minecraft:jump":396,"minecraft:interact_with_stonecutter":1,"minecraft:leave_game":2,"minecraft:walk_on_water_one_cm":9227,"minecraft:time_since_death":78884,"minecraft:total_world_time":161689,"minecraft:fall_one_cm":2670}},"DataVersion":3465}