{"stats":{"minecraft:used":{"customnpcs:npcwand":2,"waystones:waystone":1,"cobblemon:relic_coin_pouch":2,"minecraft:grass_block":143,"customnpcs:npcmobcloner":3},"minecraft:dropped":{"minecraft:chicken":2,"minecraft:porkchop":3,"minecraft:string":1},"minecraft:picked_up":{"minecraft:feather":2,"minecraft:chicken":3,"minecraft:torch":1,"minecraft:iron_ingot":3,"minecraft:porkchop":3,"minecraft:poppy":1,"minecraft:string":2},"minecraft:custom":{"minecraft:time_since_rest":3032,"minecraft:waystone_activated":1,"minecraft:crouch_one_cm":481,"minecraft:sprint_one_cm":11924,"minecraft:play_time":40536,"minecraft:walk_one_cm":46220,"minecraft:damage_taken":30,"minecraft:deaths":1,"minecraft:sneak_time":367,"minecraft:drop":3,"minecraft:jump":135,"minecraft:damage_dealt":100,"minecraft:leave_game":1,"minecraft:time_since_death":3849,"minecraft:walk_on_water_one_cm":283,"minecraft:total_world_time":40536,"minecraft:fall_one_cm":2055,"minecraft:fly_one_cm":503597}},"DataVersion":3465}