{"stats":{"minecraft:used":{"waystones:waystone":1,"cobblemon:relic_coin_pouch":2,"customnpcs:npcmobcloner":3,"minecraft:grass_block":74,"customnpcs:npcwand":2},"minecraft:custom":{"minecraft:jump":87,"minecraft:time_since_rest":28536,"minecraft:waystone_activated":1,"minecraft:damage_dealt":100,"minecraft:leave_game":1,"minecraft:play_time":28536,"minecraft:sprint_one_cm":7856,"minecraft:damage_taken":30,"minecraft:time_since_death":28536,"minecraft:walk_one_cm":19659,"minecraft:sneak_time":265,"minecraft:total_world_time":28536,"minecraft:fall_one_cm":2055,"minecraft:fly_one_cm":381065}},"DataVersion":3465}