{"stats":{"minecraft:killed":{"cobblemon:pokemon":1},"minecraft:mined":{"minecraft:grass":1,"minecraft:birch_leaves":1},"minecraft:used":{"minecraft:netherite_sword":9,"customnpcs:npcwand":1,"minecraft:grass_block":2},"minecraft:picked_up":{"minecraft:echo_shard":2,"minecraft:wheat_seeds":1},"minecraft:custom":{"minecraft:jump":184,"minecraft:time_since_rest":28178,"minecraft:damage_dealt":1161,"minecraft:damage_taken":80,"minecraft:crouch_one_cm":82,"minecraft:leave_game":2,"minecraft:play_time":28178,"minecraft:sprint_one_cm":23936,"minecraft:time_since_death":28178,"minecraft:walk_one_cm":28117,"minecraft:sneak_time":215,"minecraft:total_world_time":28178,"minecraft:mob_kills":2,"minecraft:fall_one_cm":4501,"minecraft:fly_one_cm":121467}},"DataVersion":3465}