{"stats":{"minecraft:killed":{"cobblemon:pokemon":2},"minecraft:mined":{"minecraft:grass":1,"minecraft:birch_leaves":1},"minecraft:used":{"minecraft:netherite_sword":9,"minecraft:diamond_sword":11,"minecraft:grass_block":2,"customnpcs:npcwand":2},"minecraft:picked_up":{"minecraft:echo_shard":2,"minecraft:wheat_seeds":1},"minecraft:custom":{"minecraft:jump":203,"minecraft:time_since_rest":36234,"minecraft:damage_dealt":2161,"minecraft:damage_taken":80,"minecraft:crouch_one_cm":82,"minecraft:leave_game":2,"minecraft:play_time":36234,"minecraft:sprint_one_cm":25526,"minecraft:time_since_death":36234,"minecraft:walk_one_cm":32962,"minecraft:sneak_time":215,"minecraft:total_world_time":36234,"minecraft:mob_kills":3,"minecraft:fall_one_cm":4501,"minecraft:fly_one_cm":123036}},"DataVersion":3465}