{"stats":{"minecraft:killed":{"cobblemon:pokemon":3},"minecraft:mined":{"minecraft:grass":1,"minecraft:birch_leaves":1},"minecraft:used":{"customnpcs:npcwand":2,"minecraft:netherite_sword":9,"minecraft:diamond_sword":25,"minecraft:acacia_log":1,"minecraft:grass_block":2},"minecraft:picked_up":{"minecraft:wheat_seeds":1,"minecraft:echo_shard":3},"minecraft:custom":{"minecraft:time_since_rest":52583,"minecraft:crouch_one_cm":107,"minecraft:sprint_one_cm":27286,"minecraft:play_time":52583,"minecraft:walk_one_cm":46926,"minecraft:damage_taken":80,"minecraft:sneak_time":248,"minecraft:mob_kills":4,"minecraft:jump":227,"minecraft:damage_dealt":3162,"minecraft:leave_game":3,"minecraft:time_since_death":52583,"minecraft:total_world_time":52583,"minecraft:fall_one_cm":4501,"minecraft:fly_one_cm":130949}},"DataVersion":3465}