{"stats":{"minecraft:used":{"tombstone:gift":1,"customnpcs:npcwand":1},"minecraft:dropped":{"minecraft:wheat_seeds":2},"minecraft:picked_up":{"customnpcs:npcwand":1,"minecraft:wheat_seeds":2},"minecraft:custom":{"minecraft:jump":51,"minecraft:time_since_rest":2112,"minecraft:leave_game":1,"minecraft:damage_dealt":10,"minecraft:crouch_one_cm":706,"minecraft:deaths":1,"minecraft:sprint_one_cm":5616,"minecraft:play_time":14218,"minecraft:damage_taken":80,"minecraft:time_since_death":2571,"minecraft:walk_one_cm":12606,"minecraft:sneak_time":143,"minecraft:total_world_time":14218,"minecraft:drop":2,"minecraft:fly_one_cm":38211}},"DataVersion":3465}