{
  "minecraft:end/elytra": {
    "criteria": {
      "elytra": "2024-11-21 19:41:46 +0000"
    },
    "done": true
  },
  "tombstone:recipes/from_grave_key": {
    "criteria": {
      "has_ingredient": "2024-11-21 19:41:01 +0000"
    },
    "done": true
  },
  "cobblemon:root": {
    "criteria": {
      "picked_starter": "2024-11-21 19:28:57 +0000"
    },
    "done": true
  },
  "tombstone:adventure/first_grave": {
    "criteria": {
      "coded_trigger": "2024-11-21 19:40:59 +0000"
    },
    "done": true
  },
  "megamons:grant_megamons_guide": {
    "criteria": {
      "tick": "2024-11-21 19:28:57 +0000"
    },
    "done": true
  },
  "tombstone:adventure/root": {
    "criteria": {
      "auto": "2024-11-21 19:27:49 +0000"
    },
    "done": true
  },
  "minecraft:adventure/adventuring_time": {
    "criteria": {
      "minecraft:deep_ocean": "2024-11-21 19:43:42 +0000",
      "minecraft:savanna_plateau": "2024-11-21 19:46:52 +0000",
      "minecraft:beach": "2024-11-21 19:43:53 +0000",
      "minecraft:sparse_jungle": "2024-11-21 19:44:29 +0000",
      "minecraft:lukewarm_ocean": "2024-11-21 19:44:40 +0000",
      "minecraft:river": "2024-11-21 19:36:12 +0000",
      "minecraft:stony_shore": "2024-11-21 19:27:49 +0000",
      "minecraft:cold_ocean": "2024-11-21 19:53:11 +0000",
      "minecraft:forest": "2024-11-21 19:36:08 +0000",
      "minecraft:ocean": "2024-11-21 19:41:55 +0000",
      "minecraft:flower_forest": "2024-11-21 19:52:42 +0000",
      "minecraft:old_growth_birch_forest": "2024-11-21 19:43:26 +0000",
      "minecraft:savanna": "2024-11-21 19:35:59 +0000",
      "minecraft:plains": "2024-11-21 19:29:03 +0000"
    },
    "done": false
  },
  "DataVersion": 3465
}