{
  "cobblemon:root": {
    "criteria": {
      "picked_starter": "2024-11-21 19:28:57 +0000"
    },
    "done": true
  },
  "megamons:grant_megamons_guide": {
    "criteria": {
      "tick": "2024-11-21 19:28:57 +0000"
    },
    "done": true
  },
  "tombstone:adventure/root": {
    "criteria": {
      "auto": "2024-11-21 19:27:49 +0000"
    },
    "done": true
  },
  "minecraft:adventure/adventuring_time": {
    "criteria": {
      "minecraft:stony_shore": "2024-11-21 19:27:49 +0000",
      "minecraft:plains": "2024-11-21 19:29:03 +0000"
    },
    "done": false
  },
  "DataVersion": 3465
}