{
  "tombstone:adventure/root": {
    "criteria": {
      "auto": "2024-11-21 19:09:49 +0000"
    },
    "done": true
  },
  "minecraft:adventure/adventuring_time": {
    "criteria": {
      "minecraft:savanna_plateau": "2024-11-21 19:23:29 +0000",
      "minecraft:sparse_jungle": "2024-11-21 19:31:08 +0000",
      "minecraft:river": "2024-11-21 19:22:48 +0000",
      "minecraft:stony_shore": "2024-11-21 19:10:12 +0000",
      "minecraft:forest": "2024-11-21 19:09:49 +0000",
      "minecraft:savanna": "2024-11-21 19:22:33 +0000",
      "minecraft:plains": "2024-11-21 19:12:57 +0000"
    },
    "done": false
  },
  "DataVersion": 3465
}