{
  "tombstone:adventure/root": {
    "criteria": {
      "auto": "2024-11-21 19:09:49 +0000"
    },
    "done": true
  },
  "minecraft:adventure/adventuring_time": {
    "criteria": {
      "minecraft:savanna_plateau": "2024-11-21 19:23:29 +0000",
      "minecraft:beach": "2024-11-21 19:40:18 +0000",
      "minecraft:sparse_jungle": "2024-11-21 19:31:08 +0000",
      "minecraft:river": "2024-11-21 19:22:48 +0000",
      "minecraft:stony_shore": "2024-11-21 19:10:12 +0000",
      "minecraft:forest": "2024-11-21 19:09:49 +0000",
      "minecraft:savanna": "2024-11-21 19:22:33 +0000",
      "minecraft:plains": "2024-11-21 19:12:57 +0000"
    },
    "done": false
  },
  "cobblemon:any_plant": {
    "criteria": {
      "check_inv": "2024-11-21 20:19:57 +0000"
    },
    "done": true
  },
  "cobblemon:obtain_berry": {
    "criteria": {
      "check_inv": "2024-11-21 20:19:57 +0000"
    },
    "done": true
  },
  "tombstone:recipes/from_grave_key": {
    "criteria": {
      "has_ingredient": "2024-11-21 19:41:00 +0000"
    },
    "done": true
  },
  "cobblemon:root": {
    "criteria": {
      "picked_starter": "2024-11-21 19:38:48 +0000"
    },
    "done": true
  },
  "tombstone:adventure/first_grave": {
    "criteria": {
      "coded_trigger": "2024-11-21 19:40:59 +0000"
    },
    "done": true
  },
  "megamons:grant_megamons_guide": {
    "criteria": {
      "tick": "2024-11-21 19:38:48 +0000"
    },
    "done": true
  },
  "minecraft:adventure/root": {
    "criteria": {
      "killed_something": "2024-11-21 19:58:34 +0000"
    },
    "done": true
  },
  "cobblemon:obtain_all_berries": {
    "criteria": {
      "obtain_chesto_berry": "2024-11-21 20:19:57 +0000"
    },
    "done": false
  },
  "tombstone:adventure/easy_opening": {
    "criteria": {
      "coded_trigger": "2024-11-21 19:41:36 +0000"
    },
    "done": true
  },
  "minecraft:story/smelt_iron": {
    "criteria": {
      "iron": "2024-11-21 19:41:54 +0000"
    },
    "done": true
  },
  "DataVersion": 3465
}