{
  "tombstone:adventure/root": {
    "criteria": {
      "auto": "2024-11-21 04:47:52 +0000"
    },
    "done": true
  },
  "minecraft:adventure/adventuring_time": {
    "criteria": {
      "minecraft:river": "2024-11-21 04:54:42 +0000",
      "minecraft:stony_shore": "2024-11-21 04:48:24 +0000",
      "minecraft:forest": "2024-11-21 04:47:52 +0000",
      "minecraft:ocean": "2024-11-21 04:53:54 +0000",
      "minecraft:savanna": "2024-11-21 04:54:43 +0000",
      "minecraft:plains": "2024-11-21 04:54:38 +0000"
    },
    "done": false
  },
  "minecraft:adventure/root": {
    "criteria": {
      "killed_something": "2024-11-21 04:53:41 +0000"
    },
    "done": true
  },
  "minecraft:adventure/kill_all_mobs": {
    "criteria": {
      "minecraft:zombie": "2024-11-21 04:53:41 +0000"
    },
    "done": false
  },
  "minecraft:adventure/kill_a_mob": {
    "criteria": {
      "minecraft:zombie": "2024-11-21 04:53:41 +0000"
    },
    "done": true
  },
  "megamons:gen2_megastone": {
    "criteria": {
      "has_any_gen2_stone": "2024-11-21 18:21:50 +0000"
    },
    "done": true
  },
  "megamons:gen2_04_tyranitarite_stone": {
    "criteria": {
      "has_cut_tyranitarite": "2024-11-21 18:21:50 +0000"
    },
    "done": true
  },
  "DataVersion": 3465
}