{
  "cobblemon:root": {
    "criteria": {
      "picked_starter": "2024-11-21 18:38:06 +0000"
    },
    "done": true
  },
  "megamons:grant_megamons_guide": {
    "criteria": {
      "tick": "2024-11-21 18:38:06 +0000"
    },
    "done": true
  },
  "tombstone:adventure/root": {
    "criteria": {
      "auto": "2024-11-21 18:34:48 +0000"
    },
    "done": true
  },
  "minecraft:adventure/adventuring_time": {
    "criteria": {
      "minecraft:stony_shore": "2024-11-21 18:34:48 +0000",
      "minecraft:forest": "2024-11-21 18:35:17 +0000",
      "minecraft:savanna": "2024-11-21 18:36:04 +0000"
    },
    "done": false
  },
  "DataVersion": 3465
}